{"info":{"_postman_id":"13a46480-68f7-4845-9baf-9d142026ae62","name":"Spring-Security","schema":"https://schema.getpostman.com/json/collection/v2.1.0/collection.json"},"item":[{"name":"Authenticate","id":"5ee245c2-ea24-436f-aec0-33d1fcda29d4","protocolProfileBehavior":{"disableBodyPruning":true},"request":{"method":"POST","header":[],"body":{"mode":"raw","raw":"{\r\n    \"email\":\"ritu0872@gmail.com\",\r\n    \"password\":\"12345\"\r\n}","options":{"raw":{"language":"json"}}},"url":{"raw":"http://localhost:8080/api/jwtAuth/authenticate","protocol":"http","host":["localhost"],"port":"8080","path":["api","jwtAuth","authenticate"]}},"response":[]},{"name":"Register","id":"1a4578f9-b8d1-41e3-8adb-f3208d376914","protocolProfileBehavior":{"disableBodyPruning":true},"request":{"method":"POST","header":[],"body":{"mode":"raw","raw":"\r\n{\r\n    \"firstName\":\"Ritu\",\r\n    \"lastName\":\"Gupta\",\r\n    \"email\":\"ritu0872@gmail.com\",\r\n    \"password\":\"12345\"\r\n},\r\n{\r\n    \"firstName\":\"Ojas\",\r\n    \"lastName\":\"Gupta\",\r\n    \"email\":\"oojasgupta@gmail.com\",\r\n    \"password\":\"1234\"\r\n},","options":{"raw":{"language":"json"}}},"url":{"raw":"http://localhost:8080/api/jwtAuth/register","protocol":"http","host":["localhost"],"port":"8080","path":["api","jwtAuth","register"]}},"response":[]},{"name":"Inside_App_API_Check","id":"6addd3f6-4d3f-4958-91cd-26ebdb2e608d","protocolProfileBehavior":{"disableBodyPruning":true},"request":{"auth":{"type":"bearer","bearer":[{"key":"token","value":"eyJhbGciOiJIUzI1NiJ9.eyJzdWIiOiJyaXR1MDg3MkBnbWFpbC5jb20iLCJpYXQiOjE3MzExNzA2MzYsImV4cCI6MTczMTE3MDY5Nn0.tqQfBa26_FIXXOnWrrObyvLVPlUoVe23WssO_Y3l3io","type":"string"}]},"method":"GET","header":[],"url":{"raw":"http://localhost:8080/auth/v1/demo_controller","protocol":"http","host":["localhost"],"port":"8080","path":["auth","v1","demo_controller"]}},"response":[]}]}