{"info":{"_postman_id":"6cd572dc-257d-436a-bc75-9ba819de429c","name":"SpringBoot-Rest","schema":"https://schema.getpostman.com/json/collection/v2.1.0/collection.json"},"item":[{"name":"Path Variable","id":"073fb102-63fc-490f-9a0d-f15e45fcf7bf","protocolProfileBehavior":{"disableBodyPruning":true},"request":{"method":"GET","header":[],"url":{"raw":"http://localhost:8080/sayHello/Ojas Gupta","protocol":"http","host":["localhost"],"port":"8080","path":["sayHello","Ojas Gupta"]}},"response":[]},{"name":"PostMessage","id":"93148546-67a4-4130-8c8d-1a7b0ecfb768","protocolProfileBehavior":{"disableBodyPruning":true},"request":{"method":"POST","header":[],"body":{"mode":"raw","raw":"{\r\n    \"firstName\":\"Ritu\",\r\n    \"lastName\":\"Gupta\",\r\n    \"email\":\"ritu0872@gmail.com\",\r\n    \"age\":51\r\n}","options":{"raw":{"language":"json"}}},"url":{"raw":"http://localhost:8080/storeMessage","protocol":"http","host":["localhost"],"port":"8080","path":["storeMessage"]}},"response":[]},{"name":"post-order","id":"d4b5179c-14ee-4548-b3e3-e55d4cf910bf","protocolProfileBehavior":{"disableBodyPruning":true},"request":{"method":"POST","header":[],"body":{"mode":"raw","raw":"{\r\n    \"productName\" : \"Ipad\",\r\n    \"customerName\" : \"Ojas\",\r\n    \"quantity\" : 1\r\n}","options":{"raw":{"language":"json"}}},"url":{"raw":"http://localhost:8080/post-order","protocol":"http","host":["localhost"],"port":"8080","path":["post-order"]}},"response":[]},{"name":"Request Param","id":"7e3e62f3-7769-49b6-b0a2-400c9848967d","protocolProfileBehavior":{"disableBodyPruning":true},"request":{"method":"GET","header":[],"url":{"raw":"http://localhost:8080/sayHello/Ojas Gupta","protocol":"http","host":["localhost"],"port":"8080","path":["sayHello","Ojas Gupta"]}},"response":[]},{"name":"StoreAllStudents","id":"7d4c577f-63a3-43c1-b52b-5415eebb43d2","protocolProfileBehavior":{"disableBodyPruning":true},"request":{"method":"POST","header":[],"body":{"mode":"raw","raw":"[\r\n    {\"firstName\": \"Amit\", \"lastName\": \"Singh\", \"email\": \"amit_singh34@gmail.com\", \"age\": 45, \"schoolId\":1},\r\n    {\"firstName\": \"Sneha\", \"lastName\": \"Verma\", \"email\": \"sneha.verma99@yahoo.com\", \"age\": 33, \"schoolId\": 2},\r\n    {\"firstName\": \"Sneha\", \"lastName\": \"Sharma\", \"email\": \"sneha.sharma@yahoo.com\", \"age\": 34, \"schoolId\": 1},\r\n    {\"firstName\": \"Manish\", \"lastName\": \"Mehta\", \"email\": \"manish.mehta22@gmail.com\", \"age\": 48, \"schoolId\": 3},\r\n    {\"firstName\": \"Pooja\", \"lastName\": \"Sharma\", \"email\": \"pooja_0123@outlook.com\", \"age\": 28, \"schoolId\": 2},\r\n    {\"firstName\": \"Rahul\", \"lastName\": \"Patel\", \"email\": \"rahul_patel11@live.com\", \"age\": 39, \"schoolId\": 2},\r\n    {\"firstName\": \"Neha\", \"lastName\": \"Kumar\", \"email\": \"neha.kumar88@gmail.com\", \"age\": 26, \"schoolId\": 2},\r\n    {\"firstName\": \"Suresh\", \"lastName\": \"Chawla\", \"email\": \"suresh.c01@gmail.com\", \"age\": 52, \"schoolId\": 2},\r\n    {\"firstName\": \"Ravi\", \"lastName\": \"Yadav\", \"email\": \"ravi_yadav77@gmail.com\", \"age\": 35, \"schoolId\": 2},\r\n    {\"firstName\": \"Anjali\", \"lastName\": \"Kapoor\", \"email\": \"anjali.kapoor78@gmail.com\", \"age\": 29, \"schoolId\": 3},\r\n    {\"firstName\": \"Arun\", \"lastName\": \"Malhotra\", \"email\": \"arun.malhotra56@live.com\", \"age\": 47, \"schoolId\": 3},\r\n    {\"firstName\": \"Nidhi\", \"lastName\": \"Rathore\", \"email\": \"nidhi.rathore67@gmail.com\", \"age\": 31, \"schoolId\": 3},\r\n    {\"firstName\": \"Kunal\", \"lastName\": \"Ghosh\", \"email\": \"kunal.ghosh23@gmail.com\", \"age\": 44, \"schoolId\": 3},\r\n    {\"firstName\": \"Shweta\", \"lastName\": \"Das\", \"email\": \"shweta_das77@gmail.com\", \"age\": 37, \"schoolId\": 3},\r\n    {\"firstName\": \"Mohit\", \"lastName\": \"Roy\", \"email\": \"mohit.roy23@gmail.com\", \"age\": 42, \"schoolId\": 1},\r\n    {\"firstName\": \"Isha\", \"lastName\": \"Chaudhary\", \"email\": \"isha_c23@gmail.com\", \"age\": 27, \"schoolId\": 1},\r\n    {\"firstName\": \"Rajesh\", \"lastName\": \"Khan\", \"email\": \"rajesh.khan54@yahoo.com\", \"age\": 50, \"schoolId\": 1},\r\n    {\"firstName\": \"Deepak\", \"lastName\": \"Gupta\", \"email\": \"deepak.g01@gmail.com\", \"age\": 46, \"schoolId\": 1},\r\n    {\"firstName\": \"Meena\", \"lastName\": \"Sen\", \"email\": \"meena.sen88@outlook.com\", \"age\": 34, \"schoolId\": 2},\r\n    {\"firstName\": \"Kiran\", \"lastName\": \"Joshi\", \"email\": \"kiran.joshi56@gmail.com\", \"age\": 40, \"schoolId\": 3}\r\n]\r\n","options":{"raw":{"language":"json"}}},"url":{"raw":"http://localhost:8080/storeAll","protocol":"http","host":["localhost"],"port":"8080","path":["storeAll"]}},"response":[]},{"name":"GetStudents","id":"916d3565-bd59-42a6-8b8d-201f18e9dee3","protocolProfileBehavior":{"disableBodyPruning":true},"request":{"method":"GET","header":[],"url":{"raw":"http://localhost:8080/getStudents","protocol":"http","host":["localhost"],"port":"8080","path":["getStudents"]}},"response":[]},{"name":"GetStudentById","id":"2834608f-fd4d-4114-8941-b61f56f17793","protocolProfileBehavior":{"disableBodyPruning":true},"request":{"method":"GET","header":[],"url":{"raw":"http://localhost:8080/getStudent/11","protocol":"http","host":["localhost"],"port":"8080","path":["getStudent","11"]}},"response":[]},{"name":"deleteById","id":"3658ceda-2c37-40dc-b8fc-be39970cc53d","protocolProfileBehavior":{"disableBodyPruning":true},"request":{"method":"DELETE","header":[],"url":{"raw":"http://localhost:8080/student/delete/11","protocol":"http","host":["localhost"],"port":"8080","path":["student","delete","11"]}},"response":[]},{"name":"Action_Request_Param","id":"ea9e887d-a6ee-480e-b02f-4e3864b6a5f2","protocolProfileBehavior":{"disableBodyPruning":true},"request":{"method":"GET","header":[],"url":{"raw":"http://localhost:8080/action?user-name=Ojas&user-state=Jammu","protocol":"http","host":["localhost"],"port":"8080","path":["action"],"query":[{"key":"user-name","value":"Ojas"},{"key":"user-state","value":"Jammu"}]}},"response":[]},{"name":"SearchByFirstName","id":"38220a7f-3d69-4ffd-b71a-cdcc5f1677ca","protocolProfileBehavior":{"disableBodyPruning":true},"request":{"method":"GET","header":[],"url":{"raw":"http://localhost:8080/search/Sneha","protocol":"http","host":["localhost"],"port":"8080","path":["search","Sneha"]}},"response":[]},{"name":"StoreSchools","id":"71bb4956-b6f2-4667-9ece-b7fbc90ce6ed","protocolProfileBehavior":{"disableBodyPruning":true},"request":{"method":"POST","header":[],"body":{"mode":"raw","raw":"{\r\n    \"name\":\"Nagbani\"\r\n}","options":{"raw":{"language":"json"}}},"url":{"raw":"http://localhost:8080/enter/schoolName","protocol":"http","host":["localhost"],"port":"8080","path":["enter","schoolName"]}},"response":[]},{"name":"Get Schools","id":"94856a23-8de2-4f9a-a72d-c6349c67498c","protocolProfileBehavior":{"disableBodyPruning":true},"request":{"method":"GET","header":[],"url":{"raw":"http://localhost:8080/getSchools","protocol":"http","host":["localhost"],"port":"8080","path":["getSchools"]}},"response":[]},{"name":"http://localhost:8080/storeAll","id":"ffabdf1b-efc9-4098-a803-837fa298f7d2","protocolProfileBehavior":{"disableBodyPruning":true},"request":{"method":"POST","header":[],"body":{"mode":"raw","raw":"[\r\n    {\r\n    \"lastName\":\"pandita\", \"email\":\"tickoo34@gmail.com\",\r\n    \"schoolId\":104\r\n    }\r\n]","options":{"raw":{"language":"json"}}},"url":{"raw":"http://localhost:8080/storeAll","protocol":"http","host":["localhost"],"port":"8080","path":["storeAll"]}},"response":[]},{"name":"http://localhost:8080/hello","id":"a0b0d4b6-4d90-4654-82f0-303114da122f","protocolProfileBehavior":{"disableBodyPruning":true},"request":{"method":"GET","header":[],"url":{"raw":"http://localhost:8080/hello","protocol":"http","host":["localhost"],"port":"8080","path":["hello"]}},"response":[]},{"name":"findStudentsByAgeAndSchoolId","id":"310e7ee5-80af-4380-8b0e-cafc0b740db8","protocolProfileBehavior":{"disableBodyPruning":true},"request":{"method":"GET","header":[],"url":{"raw":"http://localhost:8080/findStudentsByAge/3","protocol":"http","host":["localhost"],"port":"8080","path":["findStudentsByAge","3"]}},"response":[]}]}