{"info":{"_postman_id":"bc77fbd1-fc07-40e5-9828-c09616b0abe1","name":"SpringDataJPA","schema":"https://schema.getpostman.com/json/collection/v2.1.0/collection.json"},"item":[{"name":"StoreAuthor","id":"a243647a-1c3d-4815-8973-b3f4eb4df4bb","protocolProfileBehavior":{"disableBodyPruning":true},"request":{"method":"POST","header":[],"body":{"mode":"raw","raw":"{\r\n    \"firstName\":\"Ojas\",\r\n    \"lastName\":\"Gupta\",\r\n    \"email\":\"oojasgupta@gmail.com\",\r\n    \"age\":24\r\n}","options":{"raw":{"language":"json"}}},"url":{"raw":"http://localhost:8080/storeValue","protocol":"http","host":["localhost"],"port":"8080","path":["storeValue"]}},"response":[]},{"name":"GetAuthors","id":"51a3ebd6-8a91-4fd3-80a3-4760a17bf7e7","protocolProfileBehavior":{"disableBodyPruning":true},"request":{"method":"GET","header":[],"url":{"raw":"http://localhost:8080/getAuthors","protocol":"http","host":["localhost"],"port":"8080","path":["getAuthors"]}},"response":[]},{"name":"GetAuthorsById","id":"c861299a-19f0-4e16-ba00-635f440cbe53","protocolProfileBehavior":{"disableBodyPruning":true},"request":{"method":"GET","header":[],"url":{"raw":"http://localhost:8080/getAuthor/2","protocol":"http","host":["localhost"],"port":"8080","path":["getAuthor","2"]}},"response":[]},{"name":"findByAge","id":"b5ff4ecf-ecf1-4630-a7a3-40fd233a8883","protocolProfileBehavior":{"disableBodyPruning":true},"request":{"method":"GET","header":[],"url":{"raw":"http://localhost:8080/getAuthorAge/20","protocol":"http","host":["localhost"],"port":"8080","path":["getAuthorAge","20"]}},"response":[]}]}